precio,titulo,link,categoria,pagina
1.249,panasonic auriculares rp-hs46pp-k,https://rodo.com.ar/panasonic-auriculares-rp-hs46pp-k.html,Panasonic Auriculares RP-HS46PP-K,Rodo
4.749,philips auricular shb3075bk supraural bluetooth c/mic negro,https://rodo.com.ar/philips-auricular-supraural-shb3075bk-bluetooth-c-mic-negro.html,Philips Auricular SHB3075BK SUPRAURAL Bluetooth c/Mic Negro,Rodo
1.699,sony auricular intrauditivo con mic. mdr-ex15apb negro,https://rodo.com.ar/sony-auricular-intrauditivo-con-mic-mdr-ex15apb-negro.html,Sony Auricular Intrauditivo con Mic. MDR-EX15APB Negro,Rodo
749,philips auriculares con micrófono taue101bk/00 negro,https://rodo.com.ar/philips-auriculares-con-microfono-taue101bk-00-negro.html,Philips Auriculares con micrófono TAUE101BK/00 Negro,Rodo
1.499,panasonic auriculares sports blanco rp-hs34ppw,https://rodo.com.ar/panasonic-auriculares-sports-rp-hs34ppw.html,Panasonic Auriculares Sports Blanco RP-HS34PPW,Rodo
4.050,noblex auriculares hp332b negro,https://rodo.com.ar/noblex-auriculares-hp332b-negro.html,Noblex Auriculares HP332B Negro,Rodo
1.099,philips auriculares intrauditivos con micrófono bass + she4305wt/00 blanco,https://rodo.com.ar/philips-auriculares-intrauditivos-con-microfono-bass-she4305wt-00-blanco.html,Philips Auriculares Intrauditivos con micrófono Bass + SHE4305WT/00 Blanco,Rodo
2.399,sony auriculares mdr-zx100-negro,https://rodo.com.ar/sony-auriculares-mdr-zx100-negro.html,Sony Auriculares MDR-ZX100-NEGRO,Rodo
1.599,daihatsu radio pocket am/fm drk7,https://rodo.com.ar/daihatsu-radio-pocket-am-fm-drk7.html,Daihatsu Radio Pocket AM/FM  DRK7,Rodo
599,noblex auriculares intrauditivos hpi 04 - negro,https://rodo.com.ar/noblex-auriculares-intrauditivos-hpi-04-negro.html,Noblex Auriculares intrauditivos HPI 04 - Negro,Rodo
1.799,philips auricular shl5005/00 manos libres - negro,https://rodo.com.ar/philips-auricular-shl5005-00-control-volumen-microfono-negro.html,Philips Auricular SHL5005/00 manos libres - Negro,Rodo
48.999,"noblex smart tv led 4k uhd 50"" dj50x6500",https://rodo.com.ar/noblex-smart-tv-led-4k-uhd-50-dj50x6500.html,"Noblex Smart TV LED 4K UHD 50"" DJ50X6500",Rodo